target,mse,mae,rmse,r2
young_modulus,390.9747009277344,13.737723350524902,19.77308020839784,0.9820180535316467
fracture_strain,0.002458117203786969,0.03940095007419586,0.04957940301967107,0.17724281549453735
